<beans xmlns="http://www.springframework.org/schema/beans"
	xmlns:xsi="http://www.w3.org/2001/XMLSchema-instance" xmlns:jaxrs="http://cxf.apache.org/jaxrs"
	xmlns:jee="http://www.springframework.org/schema/jee" xmlns:tx="http://www.springframework.org/schema/tx"
	xsi:schemaLocation="http://www.springframework.org/schema/beans 
                           http://www.springframework.org/schema/beans/spring-beans-3.0.xsd
                           http://www.springframework.org/schema/context
                           http://www.springframework.org/schema/context/spring-context-3.0.xsd
                           http://cxf.apache.org/jaxrs
                           http://cxf.apache.org/schemas/jaxrs.xsd
                           http://www.springframework.org/schema/jee 
                           http://www.springframework.org/schema/jee/spring-jee-2.5.xsd
                           http://www.springframework.org/schema/tx 
                           http://www.springframework.org/schema/tx/spring-tx-2.5.xsd">

	<!-- 配置连接池管理器 -->
	<bean id="viewHttpClientConnectionManager" class="com.tccx.util.CommonPoolingHttpClientConnectionManager" factory-method="createPoolingHttpClientConnectionManager">
    
    	<constructor-arg >
    		<value>${http.view.maxTotal}</value>
    	</constructor-arg>
    	<constructor-arg >
    		<value>${http.view.defaultMaxPerRoute}</value>
    	</constructor-arg>
    
    <!--  <bean id="viewHttpClientConnectionManager" class="org.apache.http.impl.conn.PoolingHttpClientConnectionManager">-->
        <!-- 设置最大连接数 -->
       <!--  <property name="maxTotal" value="${http.view.maxTotal}" /> -->
        <!-- 设置每个主机地址的并发数 -->
       <!--  <property name="defaultMaxPerRoute" value="${http.view.defaultMaxPerRoute}" />
     -->
    </bean>

    <!-- 配置httpClientBuilder -->
    <bean id="viewHttpClientBuilder" class="org.apache.http.impl.client.HttpClientBuilder">
        <!-- 设置连接池管理器 -->
        <property name="connectionManager" ref="viewHttpClientConnectionManager" />
        <property name="defaultRequestConfig" ref="viewRequestConfig" />
        <property name="retryHandler" ref="viewRetryHandler" />
    </bean>

    <!-- 配置httpclient -->
    <!-- 设置httpclient是多例的 -->
    <bean id="viewCloseableHttpClient" class="org.apache.http.impl.client.CloseableHttpClient"
        factory-bean="viewHttpClientBuilder" factory-method="build" scope="prototype" />

    <!-- 配置Builder -->
    <bean id="viewBuilder" class="org.apache.http.client.config.RequestConfig.Builder">
        <!-- 创建连接的最长时间 -->
        <property name="connectTimeout" value="${http.view.connectTimeout}" />
        <!-- 从连接池中获取到连接的最长时间 -->
        <property name="connectionRequestTimeout" value="${http.view.connectionRequestTimeout}" />
        <!-- 数据传输的最长时间 -->
        <property name="socketTimeout" value="${http.view.socketTimeout}" />
        <!-- 提交请求前测试连接是否可用 -->
        <property name="staleConnectionCheckEnabled" value="${http.view.staleConnectionCheckEnabled}" />
    </bean>

    <!-- 配置RequestConfig信息 -->
    <bean id="viewRequestConfig" class="org.apache.http.client.config.RequestConfig"
        factory-bean="viewBuilder" factory-method="build" />
    <!-- 配置RetryHandler信息 -->
    <bean id="viewRetryHandler" class="com.tccx.util.JHttpRequestRetryHandler">
    </bean>
<!--

    &lt;!&ndash; 定期清理无效连接 &ndash;&gt;
    <bean class="com.ccx.dp.common.httpclient.handler.IdleConnectionEvictor" destroy-method="shutdown">
        <constructor-arg index="0" ref="viewHttpClientConnectionManager"/>
        <constructor-arg index="1" value="${http.view.waitTime}"/>
    </bean>-->

</beans>
