<?xml version="1.0" encoding="UTF-8"?>
<beans xmlns="http://www.springframework.org/schema/beans"
	xmlns:mvc="http://www.springframework.org/schema/mvc"
	xmlns:xsi="http://www.w3.org/2001/XMLSchema-instance"
	xmlns:p="http://www.springframework.org/schema/p"
	xmlns:aop="http://www.springframework.org/schema/aop"
	xmlns:context="http://www.springframework.org/schema/context"
	xsi:schemaLocation="http://www.springframework.org/schema/beans 
		http://www.springframework.org/schema/beans/spring-beans-4.1.xsd 
		http://www.springframework.org/schema/context 
		http://www.springframework.org/schema/context/spring-context-4.1.xsd 
		http://www.springframework.org/schema/aop 
		http://www.springframework.org/schema/aop/spring-aop-4.1.xsd
		http://www.springframework.org/schema/mvc 
		http://www.springframework.org/schema/mvc/spring-mvc-4.1.xsd">

	<!-- 搜索spring控件 -->
	<context:component-scan base-package="com.tccx"></context:component-scan>

	<!-- 视图页面配置 -->
	<bean
		class="org.springframework.web.servlet.view.InternalResourceViewResolver">
		<property name="prefix">
			<value>/WEB-INF/views/</value>
		</property>
		<property name="suffix">
			<value>.jsp</value>
		</property>
	</bean>


	<mvc:annotation-driven>
		<mvc:message-converters register-defaults="true">
			<bean class="org.springframework.http.converter.StringHttpMessageConverter">
				<property name="supportedMediaTypes" value="text/plain;charset=UTF-8" />
			</bean>
		</mvc:message-converters>
	</mvc:annotation-driven>



	<bean id="propertyConfigurer"
		class="org.springframework.beans.factory.config.PropertyPlaceholderConfigurer">
		<property name="order" value="2" />
		<!--<property name="ignoreResourceNotFound" value="true"/> -->
		<property name="ignoreUnresolvablePlaceholders" value="true" />
		<property name="locations">
			<list>
				<!-- <value>classpath*:configs/http/*.properties</value> -->
				<value>classpath*:view.properties</value>
			</list>
		</property>
	</bean>
	<!-- Spring中引入其他配置文件 -->
	<import resource="classpath*:/data-collector-http-view-beans.xml" />
	<!-- <import resource="classpath*:/view.properties" /> -->
</beans>